{"cameraMode":{"drawMode":0,"name":"Shaded","section":"Shading Mode"},"sceneLighting":false,"audioPlay":false,"sceneViewState":{"showFog":true,"showMaterialUpdate":false,"showSkybox":true,"showFlares":true,"showImageEffects":true,"showParticleSystems":true},"in2DMode":false,"pivot":{"x":-3.533872127532959,"y":2.9125239849090578,"z":-9.483322143554688},"rotation":{"x":0.046592045575380328,"y":0.976767361164093,"z":-0.12248708307743073,"w":0.1696091890335083},"size":3.3893649578094484,"orthographic":false}