{"cameraMode":{"drawMode":0,"name":"Shaded","section":"Shading Mode"},"sceneLighting":false,"audioPlay":false,"sceneViewState":{"showFog":true,"showMaterialUpdate":false,"showSkybox":true,"showFlares":true,"showImageEffects":true,"showParticleSystems":true},"in2DMode":false,"pivot":{"x":-0.5153994560241699,"y":-0.4919114112854004,"z":-3.996887683868408},"rotation":{"x":0.40976375341415408,"y":0.5095445513725281,"z":-0.25889095664024355,"w":0.7109470367431641},"size":5.638797760009766,"orthographic":false}