{"cameraMode":{"drawMode":0,"name":"Shaded","section":"Shading Mode"},"sceneLighting":false,"audioPlay":false,"sceneViewState":{"showFog":true,"showMaterialUpdate":false,"showSkybox":true,"showFlares":true,"showImageEffects":true,"showParticleSystems":true},"in2DMode":false,"pivot":{"x":-9.500274658203125,"y":11.000701904296875,"z":0.0},"rotation":{"x":-0.014666127972304821,"y":0.9791504144668579,"z":-0.18760888278484345,"w":-0.0765431672334671},"size":602.7648315429688,"orthographic":true}