{"cameraMode":{"drawMode":0,"name":"Shaded","section":"Shading Mode"},"sceneLighting":true,"audioPlay":false,"sceneViewState":{"showFog":true,"showMaterialUpdate":false,"showSkybox":true,"showFlares":true,"showImageEffects":true,"showParticleSystems":true},"in2DMode":false,"pivot":{"x":1.002618670463562,"y":1.3680305480957032,"z":0.4617261290550232},"rotation":{"x":0.4134514629840851,"y":-0.5123788118362427,"z":0.35702618956565859,"w":0.662626326084137},"size":7.961259841918945,"orthographic":false}