{"cameraMode":{"drawMode":0,"name":"Shaded","section":"Shading Mode"},"sceneLighting":false,"audioPlay":false,"sceneViewState":{"showFog":true,"showMaterialUpdate":false,"showSkybox":true,"showFlares":true,"showImageEffects":true,"showParticleSystems":true},"in2DMode":false,"pivot":{"x":-1.1920928955078126e-7,"y":0.3960000276565552,"z":0.5139208436012268},"rotation":{"x":0.4332793653011322,"y":-0.03454910218715668,"z":0.04413549602031708,"w":0.8995237350463867},"size":6.208344459533691,"orthographic":false}