{"cameraMode":{"drawMode":0,"name":"Shaded","section":"Shading Mode"},"sceneLighting":false,"audioPlay":false,"sceneViewState":{"showFog":true,"showMaterialUpdate":false,"showSkybox":true,"showFlares":true,"showImageEffects":true,"showParticleSystems":true},"in2DMode":false,"pivot":{"x":-3.243684768676758,"y":3.317000389099121,"z":-8.820686340332032},"rotation":{"x":0.4332793653011322,"y":-0.03454910218715668,"z":0.04413549602031708,"w":0.8995237350463867},"size":6.0893659591674809,"orthographic":false}