{"cameraMode":{"drawMode":0,"name":"Shaded","section":"Shading Mode"},"sceneLighting":false,"audioPlay":false,"sceneViewState":{"showFog":true,"showMaterialUpdate":false,"showSkybox":true,"showFlares":true,"showImageEffects":true,"showParticleSystems":true},"in2DMode":false,"pivot":{"x":0.9481743574142456,"y":0.25604724884033205,"z":0.26317596435546877},"rotation":{"x":0.4142250120639801,"y":-0.0027917877305299045,"z":0.028456639498472215,"w":0.9097341895103455},"size":14.119121551513672,"orthographic":false}