{"cameraMode":{"drawMode":0,"name":"Shaded","section":"Shading Mode"},"sceneLighting":false,"audioPlay":false,"sceneViewState":{"showFog":true,"showMaterialUpdate":false,"showSkybox":true,"showFlares":true,"showImageEffects":true,"showParticleSystems":true},"in2DMode":false,"pivot":{"x":-0.042936623096466067,"y":0.0,"z":-2.8940796852111818},"rotation":{"x":0.43244773149490359,"y":0.49287909269332888,"z":-0.26673924922943118,"w":0.7063436508178711},"size":6.379466533660889,"orthographic":false}