{"cameraMode":{"drawMode":0,"name":"Shaded","section":"Shading Mode"},"sceneLighting":false,"audioPlay":false,"sceneViewState":{"showFog":true,"showMaterialUpdate":false,"showSkybox":true,"showFlares":true,"showImageEffects":true,"showParticleSystems":true},"in2DMode":false,"pivot":{"x":-3.243684768676758,"y":3.317000389099121,"z":-8.820686340332032},"rotation":{"x":0.17190760374069215,"y":0.008277424611151219,"z":-0.0014442942338064314,"w":0.9850775599479675},"size":6.0893659591674809,"orthographic":false}