{"cameraMode":{"drawMode":0,"name":"Shaded","section":"Shading Mode"},"sceneLighting":false,"audioPlay":false,"sceneViewState":{"showFog":true,"showMaterialUpdate":false,"showSkybox":true,"showFlares":true,"showImageEffects":true,"showParticleSystems":true},"in2DMode":false,"pivot":{"x":3.5900001525878908,"y":0.0,"z":6.289999961853027},"rotation":{"x":-0.18463276326656342,"y":0.11057967692613602,"z":-0.02090498059988022,"w":-0.9763504266738892},"size":8.339816093444825,"orthographic":true}