{"cameraMode":{"drawMode":0,"name":"Shaded","section":"Shading Mode"},"sceneLighting":false,"audioPlay":false,"sceneViewState":{"showFog":true,"showMaterialUpdate":false,"showSkybox":true,"showFlares":true,"showImageEffects":true,"showParticleSystems":true},"in2DMode":false,"pivot":{"x":-0.12756329774856568,"y":0.23344111442565919,"z":0.34853196144104006},"rotation":{"x":-0.4160754680633545,"y":0.2624817490577698,"z":-0.12679335474967957,"w":-0.8613413572311401},"size":2.3334522247314455,"orthographic":false}