{"cameraMode":{"drawMode":0,"name":"Shaded","section":"Shading Mode"},"sceneLighting":false,"audioPlay":false,"sceneViewState":{"showFog":true,"showMaterialUpdate":false,"showSkybox":true,"showFlares":true,"showImageEffects":true,"showParticleSystems":true},"in2DMode":false,"pivot":{"x":0.0,"y":1.1330000162124634,"z":0.1623000055551529},"rotation":{"x":-0.029155833646655084,"y":0.847736120223999,"z":0.046833351254463199,"w":0.5276269316673279},"size":0.3018597662448883,"orthographic":true}