{"cameraMode":{"drawMode":0,"name":"Shaded","section":"Shading Mode"},"sceneLighting":false,"audioPlay":false,"sceneViewState":{"showFog":true,"showMaterialUpdate":false,"showSkybox":true,"showFlares":true,"showImageEffects":true,"showParticleSystems":true},"in2DMode":false,"pivot":{"x":-12.063679695129395,"y":3.488347053527832,"z":17.996326446533204},"rotation":{"x":0.33975672721862795,"y":0.6501603126525879,"z":-0.40445569157600405,"w":0.5461612343788147},"size":23.72319221496582,"orthographic":false}