{"cameraMode":{"drawMode":0,"name":"Shaded","section":"Shading Mode"},"sceneLighting":false,"audioPlay":false,"sceneViewState":{"showFog":true,"showMaterialUpdate":false,"showSkybox":true,"showFlares":true,"showImageEffects":true,"showParticleSystems":true},"in2DMode":false,"pivot":{"x":0.2470703125,"y":-0.284912109375,"z":-0.04457855224609375},"rotation":{"x":-0.1310843527317047,"y":0.8190600872039795,"z":-0.20696081221103669,"w":-0.5187759399414063},"size":2.218233585357666,"orthographic":true}