{"cameraMode":{"drawMode":0,"name":"Shaded","section":"Shading Mode"},"sceneLighting":false,"audioPlay":false,"sceneViewState":{"showFog":true,"showMaterialUpdate":false,"showSkybox":true,"showFlares":true,"showImageEffects":true,"showParticleSystems":true},"in2DMode":false,"pivot":{"x":-0.2995924949645996,"y":-0.5951428413391113,"z":4.701179027557373},"rotation":{"x":-0.16796842217445374,"y":0.7189005613327026,"z":-0.18624188005924226,"w":-0.6483134627342224},"size":4.145922660827637,"orthographic":false}