{"cameraMode":{"drawMode":0,"name":"Shaded","section":"Shading Mode"},"sceneLighting":false,"audioPlay":false,"sceneViewState":{"showFog":true,"showMaterialUpdate":false,"showSkybox":true,"showFlares":true,"showImageEffects":true,"showParticleSystems":true},"in2DMode":false,"pivot":{"x":-2.4991588592529299,"y":-6.239500045776367,"z":0.04708385467529297},"rotation":{"x":0.21790647506713868,"y":0.7643569111824036,"z":-0.32496750354766848,"w":0.5125343203544617},"size":38.42163848876953,"orthographic":false}