{"cameraMode":{"drawMode":0,"name":"Shaded","section":"Shading Mode"},"sceneLighting":false,"audioPlay":false,"sceneViewState":{"showFog":true,"showMaterialUpdate":false,"showSkybox":true,"showFlares":true,"showImageEffects":true,"showParticleSystems":true},"in2DMode":false,"pivot":{"x":-12.061412811279297,"y":3.3210954666137697,"z":17.997169494628908},"rotation":{"x":0.33975672721862795,"y":0.6501603126525879,"z":-0.40445569157600405,"w":0.5461612343788147},"size":18.834562301635743,"orthographic":false}