{"cameraMode":{"drawMode":0,"name":"Shaded","section":"Shading Mode"},"sceneLighting":false,"audioPlay":false,"sceneViewState":{"showFog":true,"showMaterialUpdate":false,"showSkybox":true,"showFlares":true,"showImageEffects":true,"showParticleSystems":true},"in2DMode":false,"pivot":{"x":1.5790901184082032,"y":-0.23645782470703126,"z":4.237316608428955},"rotation":{"x":-0.42526495456695559,"y":0.4525575637817383,"z":-0.2603206932544708,"w":-0.7393075823783875},"size":22.0,"orthographic":false}