{"cameraMode":{"drawMode":0,"name":"Shaded","section":"Shading Mode"},"sceneLighting":false,"audioPlay":false,"sceneViewState":{"showFog":true,"showMaterialUpdate":false,"showSkybox":true,"showFlares":true,"showImageEffects":true,"showParticleSystems":true},"in2DMode":false,"pivot":{"x":-3.147886037826538,"y":2.3174967765808107,"z":-11.382084846496582},"rotation":{"x":0.0027658839244395496,"y":0.9874842762947083,"z":-0.1568281203508377,"w":0.017464259639382364},"size":5.056743144989014,"orthographic":false}