{"cameraMode":{"drawMode":0,"name":"Shaded","section":"Shading Mode"},"sceneLighting":false,"audioPlay":false,"sceneViewState":{"showFog":true,"showMaterialUpdate":false,"showSkybox":true,"showFlares":true,"showImageEffects":true,"showParticleSystems":true},"in2DMode":false,"pivot":{"x":14.204788208007813,"y":0.961181640625,"z":23.577159881591798},"rotation":{"x":-0.45165395736694338,"y":0.3546028137207031,"z":-0.20185688138008119,"w":-0.7934234142303467},"size":210.7957305908203,"orthographic":false}