{"cameraMode":{"drawMode":0,"name":"Shaded","section":"Shading Mode"},"sceneLighting":false,"audioPlay":false,"sceneViewState":{"showFog":true,"showMaterialUpdate":false,"showSkybox":true,"showFlares":true,"showImageEffects":true,"showParticleSystems":true},"in2DMode":false,"pivot":{"x":2.4130945205688478,"y":-0.9425773620605469,"z":15.897979736328125},"rotation":{"x":-0.41339442133903506,"y":0.45268046855926516,"z":-0.24965699017047883,"w":-0.749571681022644},"size":22.25345230102539,"orthographic":false}