{"cameraMode":{"drawMode":0,"name":"Shaded","section":"Shading Mode"},"sceneLighting":false,"audioPlay":false,"sceneViewState":{"showFog":true,"showMaterialUpdate":false,"showSkybox":true,"showFlares":true,"showImageEffects":true,"showParticleSystems":true},"in2DMode":false,"pivot":{"x":8.90051555633545,"y":3.5187225341796877,"z":-0.9361801147460938},"rotation":{"x":-0.4487992525100708,"y":-0.2680027186870575,"z":0.1431213766336441,"w":-0.8403996229171753},"size":44.152931213378909,"orthographic":false}