{"cameraMode":{"drawMode":0,"name":"Shaded","section":"Shading Mode"},"sceneLighting":false,"audioPlay":false,"sceneViewState":{"showFog":true,"showMaterialUpdate":false,"showSkybox":true,"showFlares":true,"showImageEffects":true,"showParticleSystems":true},"in2DMode":false,"pivot":{"x":12.056463241577149,"y":19.80059242248535,"z":3.422369956970215},"rotation":{"x":0.33975672721862795,"y":0.6501603126525879,"z":-0.40445569157600405,"w":0.5461612343788147},"size":54.270145416259769,"orthographic":false}