{"cameraMode":{"drawMode":0,"name":"Shaded","section":"Shading Mode"},"sceneLighting":false,"audioPlay":false,"sceneViewState":{"showFog":true,"showMaterialUpdate":false,"showSkybox":true,"showFlares":true,"showImageEffects":true,"showParticleSystems":true},"in2DMode":false,"pivot":{"x":6.457798957824707,"y":2.574958324432373,"z":-2.7465972900390627},"rotation":{"x":-0.5012112855911255,"y":-0.10692013800144196,"z":0.06257430464029312,"w":-0.8564116954803467},"size":22.0,"orthographic":false}