{"cameraMode":{"drawMode":0,"name":"Shaded","section":"Shading Mode"},"sceneLighting":false,"audioPlay":false,"sceneViewState":{"showFog":true,"showMaterialUpdate":false,"showSkybox":true,"showFlares":true,"showImageEffects":true,"showParticleSystems":true},"in2DMode":false,"pivot":{"x":-0.2921867370605469,"y":-0.06664848327636719,"z":-1.2147316932678223},"rotation":{"x":0.08561785519123078,"y":-0.9138250946998596,"z":0.2632683217525482,"w":0.29717177152633669},"size":4.979193210601807,"orthographic":false}