{"cameraMode":{"drawMode":0,"name":"Shaded","section":"Shading Mode"},"sceneLighting":false,"audioPlay":false,"sceneViewState":{"showFog":true,"showMaterialUpdate":false,"showSkybox":true,"showFlares":true,"showImageEffects":true,"showParticleSystems":true},"in2DMode":false,"pivot":{"x":5.0731282234191898,"y":1.0,"z":2.8550000190734865},"rotation":{"x":0.12282214313745499,"y":0.8768147826194763,"z":-0.34210166335105898,"w":0.3147885501384735},"size":20.599782943725587,"orthographic":false}