{"cameraMode":{"drawMode":0,"name":"Shaded","section":"Shading Mode"},"sceneLighting":false,"audioPlay":false,"sceneViewState":{"showFog":true,"showMaterialUpdate":false,"showSkybox":true,"showFlares":true,"showImageEffects":true,"showParticleSystems":true},"in2DMode":false,"pivot":{"x":-3.2486212253570558,"y":4.530456066131592,"z":-8.987030982971192},"rotation":{"x":-0.004375276155769825,"y":0.9641388058662415,"z":0.01590852625668049,"w":0.2649475038051605},"size":2.808112621307373,"orthographic":false}