{"cameraMode":{"drawMode":0,"name":"Shaded","section":"Shading Mode"},"sceneLighting":false,"audioPlay":false,"sceneViewState":{"showFog":true,"showMaterialUpdate":false,"showSkybox":true,"showFlares":true,"showImageEffects":true,"showParticleSystems":true},"in2DMode":false,"pivot":{"x":0.36631566286087038,"y":-0.04395115375518799,"z":0.3136950135231018},"rotation":{"x":-0.49050989747047427,"y":0.2691543996334076,"z":-0.1624390035867691,"w":-0.8127550482749939},"size":2.1599998474121095,"orthographic":false}