{"cameraMode":{"drawMode":0,"name":"Shaded","section":"Shading Mode"},"sceneLighting":false,"audioPlay":false,"sceneViewState":{"showFog":true,"showMaterialUpdate":false,"showSkybox":true,"showFlares":true,"showImageEffects":true,"showParticleSystems":true},"in2DMode":false,"pivot":{"x":0.16521835327148438,"y":-0.027101635932922365,"z":5.578793525695801},"rotation":{"x":-0.19139204919338227,"y":0.5562511682510376,"z":-0.13346654176712037,"w":-0.7976042032241821},"size":3.001763105392456,"orthographic":false}