{"cameraMode":{"drawMode":0,"name":"Shaded","section":"Shading Mode"},"sceneLighting":false,"audioPlay":false,"sceneViewState":{"showFog":true,"showMaterialUpdate":false,"showSkybox":true,"showFlares":true,"showImageEffects":true,"showParticleSystems":true},"in2DMode":false,"pivot":{"x":-3.9188919067382814,"y":-1.2140789031982422,"z":0.15359973907470704},"rotation":{"x":0.25464919209480288,"y":0.7341791987419128,"z":-0.3642052710056305,"w":0.513331413269043},"size":40.010372161865237,"orthographic":false}