{"cameraMode":{"drawMode":0,"name":"Shaded","section":"Shading Mode"},"sceneLighting":false,"audioPlay":false,"sceneViewState":{"showFog":true,"showMaterialUpdate":false,"showSkybox":true,"showFlares":true,"showImageEffects":true,"showParticleSystems":true},"in2DMode":false,"pivot":{"x":-0.5183243751525879,"y":2.795795440673828,"z":9.38433837890625},"rotation":{"x":0.1572568416595459,"y":0.17587056756019593,"z":-0.02847006916999817,"w":0.971365213394165},"size":8.145214080810547,"orthographic":false}