{"cameraMode":{"drawMode":0,"name":"Shaded","section":"Shading Mode"},"sceneLighting":false,"audioPlay":false,"sceneViewState":{"showFog":true,"showMaterialUpdate":false,"showSkybox":true,"showFlares":true,"showImageEffects":true,"showParticleSystems":true},"in2DMode":false,"pivot":{"x":-0.000001430511474609375,"y":-10.889999389648438,"z":8.74998664855957},"rotation":{"x":-0.5012112855911255,"y":-0.10692013800144196,"z":0.06257430464029312,"w":-0.8564116954803467},"size":2.4240849018096926,"orthographic":false}