{"cameraMode":{"drawMode":0,"name":"Shaded","section":"Shading Mode"},"sceneLighting":false,"audioPlay":false,"sceneViewState":{"showFog":true,"showMaterialUpdate":false,"showSkybox":true,"showFlares":true,"showImageEffects":true,"showParticleSystems":true},"in2DMode":false,"pivot":{"x":3.5899999141693117,"y":-0.5,"z":6.289999961853027},"rotation":{"x":0.37937745451927187,"y":0.10548186302185059,"z":-0.04361506924033165,"w":0.9182236194610596},"size":2.857884645462036,"orthographic":true}