{"cameraMode":{"drawMode":0,"name":"Shaded","section":"Shading Mode"},"sceneLighting":false,"audioPlay":false,"sceneViewState":{"showFog":true,"showMaterialUpdate":false,"showSkybox":true,"showFlares":true,"showImageEffects":true,"showParticleSystems":true},"in2DMode":false,"pivot":{"x":-3.9550881385803224,"y":9.42451000213623,"z":-5.974238395690918},"rotation":{"x":-0.25915202498435976,"y":-0.4488249719142914,"z":0.1378052681684494,"w":-0.8440535068511963},"size":8.275694847106934,"orthographic":false}