{"cameraMode":{"drawMode":0,"name":"Shaded","section":"Shading Mode"},"sceneLighting":false,"audioPlay":false,"sceneViewState":{"showFog":true,"showMaterialUpdate":false,"showSkybox":true,"showFlares":true,"showImageEffects":true,"showParticleSystems":true},"in2DMode":false,"pivot":{"x":-4.757747650146484,"y":-0.5640673637390137,"z":-9.603525161743164},"rotation":{"x":-0.03970076143741608,"y":0.883053719997406,"z":-0.4614120125770569,"w":-0.07596477121114731},"size":6.060240745544434,"orthographic":false}