{"cameraMode":{"drawMode":0,"name":"Shaded","section":"Shading Mode"},"sceneLighting":false,"audioPlay":false,"sceneViewState":{"showFog":true,"showMaterialUpdate":false,"showSkybox":true,"showFlares":true,"showImageEffects":true,"showParticleSystems":true},"in2DMode":false,"pivot":{"x":25.302438735961915,"y":-2.3471755981445314,"z":34.332889556884769},"rotation":{"x":-0.49298709630966189,"y":0.22943340241909028,"z":-0.13659554719924928,"w":-0.8280500769615173},"size":92.26393127441406,"orthographic":false}