{"cameraMode":{"drawMode":0,"name":"Shaded","section":"Shading Mode"},"sceneLighting":false,"audioPlay":false,"sceneViewState":{"showFog":true,"showMaterialUpdate":false,"showSkybox":true,"showFlares":true,"showImageEffects":true,"showParticleSystems":true},"in2DMode":false,"pivot":{"x":0.2470703125,"y":-0.284912109375,"z":-0.04457855224609375},"rotation":{"x":-0.11629605293273926,"y":0.8833253383636475,"z":-0.3070094585418701,"w":-0.33460813760757449},"size":1.8189516067504883,"orthographic":true}