{"cameraMode":{"drawMode":0,"name":"Shaded","section":"Shading Mode"},"sceneLighting":false,"audioPlay":false,"sceneViewState":{"showFog":true,"showMaterialUpdate":false,"showSkybox":true,"showFlares":true,"showImageEffects":true,"showParticleSystems":true},"in2DMode":false,"pivot":{"x":0.589924156665802,"y":-0.36957108974456789,"z":-1.4417089223861695},"rotation":{"x":0.17695985734462739,"y":0.7031650543212891,"z":-0.18781886994838715,"w":0.662573516368866},"size":6.379462242126465,"orthographic":false}