{"cameraMode":{"drawMode":0,"name":"Shaded","section":"Shading Mode"},"sceneLighting":false,"audioPlay":false,"sceneViewState":{"showFog":true,"showMaterialUpdate":false,"showSkybox":true,"showFlares":true,"showImageEffects":true,"showParticleSystems":true},"in2DMode":false,"pivot":{"x":-7.442033767700195,"y":-2.724910020828247,"z":-10.146916389465332},"rotation":{"x":0.25464919209480288,"y":0.7341791987419128,"z":-0.3642052710056305,"w":0.513331413269043},"size":2.8578836917877199,"orthographic":false}