{"cameraMode":{"drawMode":0,"name":"Shaded","section":"Shading Mode"},"sceneLighting":false,"audioPlay":false,"sceneViewState":{"showFog":true,"showMaterialUpdate":false,"showSkybox":true,"showFlares":true,"showImageEffects":true,"showParticleSystems":true},"in2DMode":false,"pivot":{"x":6.841501235961914,"y":0.19080543518066407,"z":1.7933893203735352},"rotation":{"x":-0.5012112855911255,"y":-0.10692013800144196,"z":0.06257430464029312,"w":-0.8564116954803467},"size":16.58929443359375,"orthographic":false}