{"cameraMode":{"drawMode":0,"name":"Shaded","section":"Shading Mode"},"sceneLighting":false,"audioPlay":false,"sceneViewState":{"showFog":true,"showMaterialUpdate":false,"showSkybox":true,"showFlares":true,"showImageEffects":true,"showParticleSystems":true},"in2DMode":false,"pivot":{"x":-2.752383232116699,"y":-5.341894149780273,"z":-9.428041458129883},"rotation":{"x":0.4246762990951538,"y":0.3982897698879242,"z":-0.2157902866601944,"w":0.7838813662528992},"size":2.5581953525543215,"orthographic":false}