{"cameraMode":{"drawMode":0,"name":"Shaded","section":"Shading Mode"},"sceneLighting":false,"audioPlay":false,"sceneViewState":{"showFog":true,"showMaterialUpdate":false,"showSkybox":true,"showFlares":true,"showImageEffects":true,"showParticleSystems":true},"in2DMode":false,"pivot":{"x":0.0,"y":0.02011406421661377,"z":-0.04152745008468628},"rotation":{"x":-0.21434584259986878,"y":-0.2946682572364807,"z":0.06800074130296707,"w":-0.9287865161895752},"size":3.63002610206604,"orthographic":true}